{"acc": [0.03086543271635818, 0.17398699350271182, 0.42796398198503205, 0.5497748874616122, 0.6198099049405493, 0.6617308654327163, 0.6951475738047838, 0.7161580790574101, 0.7374187093785312, 0.7538099057549629, 0.762831415695927, 0.7754377188832835, 0.7852926463112347, 0.7929964982252707, 0.806503251613886, 0.8349174587412915, 0.8505252626253522, 0.8622311155697058, 0.8650491277679595, 0.8685842921222192, 0.874337168596219, 0.8783891945734449, 0.8817908954775411, 0.8856428214226323, 0.8878439219729074, 0.8930965483039544, 0.8931965983289668, 0.8960798075054747, 0.9008504252424235, 0.9031015508052049], "top_k_categorical_accuracy": [0.13856928464381202, 0.47248624313945115, 0.7780390195336087, 0.8531265633054946, 0.8877938969425108, 0.9071035517878149, 0.9202101050823435, 0.927163581784932, 0.9359679840039229, 0.9415981551975532, 0.9485242621131752, 0.9503751876236142, 0.9570285142392382, 0.9579289645120583, 0.9644822411026699, 0.9713856928464232, 0.9750875437718859, 0.9799399699671022, 0.9822037296792847, 0.9823911955799086, 0.9820410205102551, 0.9833416708175273, 0.9868434217108554, 0.9868934467233617, 0.9874937468734367, 0.9888444221932152, 0.9892446223111556, 0.9906757569501891, 0.9905452726184278, 0.992096048024012], "loss": [3.8967073549325018, 3.0528770316774216, 1.9724297330521416, 1.520977747279325, 1.2612923357592873, 1.1158340932847024, 0.992567734303267, 0.9204944290120104, 0.8455051559159135, 0.7862511747629676, 0.7490440185455276, 0.7129653798037019, 0.6681284429193318, 0.6498562197079356, 0.5948343050605122, 0.4940313902421258, 0.4427379367350339, 0.40507727600503646, 0.38176595101572597, 0.37493415132888025, 0.365564148711705, 0.34590102116604815, 0.3308192110422434, 0.323575712156749, 0.3105605976947729, 0.29694826916314887, 0.295212864245159, 0.2850088823593425, 0.2765562301817508, 0.2613704770550005], "lr": [