{"acc": [0.02982017982390139, 0.12577422578613479, 0.3112387612208977, 0.44655344652962853, 0.5240259740378831, 0.574975024998843, 0.6171828172304533, 0.642107892060256, 0.6723776224252584, 0.6891608392084753, 0.7076923077042168, 0.7145854145854146, 0.7345654346249797, 0.7444055944175034, 0.7576923076446717, 0.7965534466249007, 0.8255744256339707, 0.832967032990851, 0.841008991032809, 0.8480519480995842, 0.8552447553162094, 0.8525974025497666, 0.8592907092668912, 0.8691808191689102, 0.8694805195162465, 0.87492507498462, 0.8762237761999582, 0.8792707292588202, 0.8880119880834422, 0.8902097902574263], "top_k_categorical_accuracy": [0.1418081918141463, 0.3789710289233929, 0.6734765234884325, 0.7881618381856562, 0.8336663336306066, 0.8624375623780174, 0.8891608391012941, 0.9006493505898056, 0.9088911088315638, 0.9194305694782056, 0.9273726273369003, 0.9344155843798574, 0.940109890038436, 0.9470529469934019, 0.9494005993291453, 0.9607392607035337, 0.9722777222419953, 0.9743256742542202, 0.9764235763521223, 0.9776223775866506, 0.9812187811830542, 0.9813186812829543, 0.9832667332310062, 0.9852147851790581, 0.986013985978259, 0.986063936063936, 0.9875624375267105, 0.9877122877122877, 0.9892607392250122, 0.9887612387612388], "loss": [3.8920697542813634, 3.3080016051853574, 2.4022620462632918, 1.8922737971647874, 1.6006445573879169, 1.4217277764321326, 1.2561165594078088, 1.1605071335763006, 1.0648151110102246, 1.0068424777908402, 0.931913005948424, 0.894000130052214, 0.8306514615302796, 0.7952624092092524, 0.7575675515385417, 0.6231013350315265, 0.5174695325779034, 0.4824924782677726, 0.4608770121703972, 0.43953973956398673, 0.41590421211707607, 0.4142724643339525, 0.3942969062349775, 0.36725405852396886, 0.3661865997862268, 0.35543451615861366, 0.3443138654474969, 0.3396803486240017, 0.30998702848350607, 0.3086517452717304], "lr": [